<?xml version="1.0" encoding="UTF-8" ?>
<!DOCTYPE mapper
  PUBLIC "-//mybatis.org//DTD Mapper 3.0//EN"
  "http://mybatis.org/dtd/mybatis-3-mapper.dtd">
<mapper namespace="lab1">
  <select id="exam1"  resultType="BookDTO" >
    select id,title,price,kind from book
  </select>
  <select id="exam2"  resultType="BookDTO" >
    select id,title,price,kind from book order by price desc
  </select>
  <select id="exam3"  resultType="BookDTO">
    select id,title,price,kind from book where price >= 20000
  </select>
  <select id="exam4"  resultType="BookDTO">
    select id,title,price,kind from book where kind="b02"
  </select>
  <select id="exam5"  resultType="BookDTO" >
    select id,title,price,kind from book where kind = "b04" or "b05"
  </select>
  <select id="exam6"  resultType="BookDTO" parameterType="string">
    select id,title,price,kind from book where title like concat('%',#{key},'%')
  </select>
  <select id="exam7"  resultType= "double">
    select round(avg(price)) as avgprice from book GROUP BY kind
  </select>
  <select id="exam8" parameterType="BookDTO">
    INSERT INTO book (title, price, kind) VALUES (#{title}, #{price}, #{kind})
  </select>
</mapper>







